filename,filesize,sha256,created_at
frontend/public/uploads/berita/20261006_091837_cfc0c5370174945a82f65ca3372c2d22.jpg,96909,65f2ff328d2f995359716344da8c842cb56c56be1e38972dad2ee6605f996db5,"2026-10-06 09:18:38"
frontend/public/uploads/organisasi/20261006_112137_4da44491117d2625766bf97d7d28dc6a.jpg,1479517,1cdcc194dc1cb1a94c0dad39ed0c843113fe7ea5d59895443510e93196c00daa,"2026-10-06 11:21:38"
frontend/public/uploads/organisasi/20261006_112524_39144935878969a84b3f1200ed14c86a.png,98871,7c571dd111513418ab3f3073f52ee16c35dc3517dc0d608a6e8968bec251679a,"2026-10-06 11:25:26"
frontend/public/uploads/organisasi/20261006_112645_6810ed667c0e355241baaadde5da0200.png,907727,791ca4be1b59decd96a3c7804e07ed373c1451616549194da67930804c4a8243,"2026-10-06 11:26:46"
frontend/public/uploads/organisasi/20261006_113423_387960cacfc917261381f0e8f8577620.png,712441,5584eb5d815cb489ad8749c98ce1ec95879b25071bebd3aea9aef82aaa3e9940,"2026-10-06 11:34:24"
storage/private/foto-anggota/20261005_154333_b7c3acb56fa6c5e1e775ef0fdaf36614.jpg,162332,461605deb7475bba3d39a5adbc6d6fb724bc7ae4074c9ab3b77ff1ef653ec8d3,"2026-10-05 15:43:34"
storage/private/foto-anggota/20261005_162330_0e91e1c607ddbddc134394462a2123b9.png,598752,a7cb4b35e6ad4d568bf67ed8b8c632a8e017514ba319f6b77b68c87e12ca2010,"2026-10-05 16:23:32"
storage/private/foto-anggota/20261005_162359_d60495e5cbd734d608c04e24005ba1a5.png,598752,a7cb4b35e6ad4d568bf67ed8b8c632a8e017514ba319f6b77b68c87e12ca2010,"2026-10-05 16:24:00"
storage/private/foto-anggota/20261005_163843_d34b8a27d93b6e0c77f211c47e47853c.jpg,849782,17030a261a7595110131a0239df8996695c6b1d177064c4beb864e8bf9ecfbc7,"2026-10-05 16:38:44"
storage/private/foto-anggota/20261006_125218_87be350eb51892e7f975a85d5ddb9811.jpg,845662,30ab326e72ea1132cad76a955c2e68703769531419eb859225b1179c77698c38,"2026-10-06 12:52:20"
